Accuracy,EER,t-TDCF
97.50410601,4.07756177,0.11080702